{
  "type": "object",

  "properties": {
    "batchType": {
      "type": "string",
      "enum": ["Option A", "Option B", "Option C"]
    },
    "programCode": {
      "type": "string",
      "enum": [""]
    },
    "batchID": {
      "type": "number",
      "minimum": 3,
      "description": "Please enter your Batch ID"
    },
    "batchNumber": {
      "type": "number",
      "minimum": 3,
      "description": "Please enter your Batch Number"
    },
    "dlnReferenceNumber": {
      "type": "number",
      "description": "Please enter your DLN Reference Number"
    },
    "receivedDate": {
      "type": "string",
      "format": "date",
      "description": "Please enter your Received Date."
    },
    "releaseDate": {
      "type": "string",
      "format": "date",
      "description": "Please enter your Release Date."
    },
    "route": {
      "type": "string",
      "enum": ["Option A", "Option B", "Option C"]
    },
    "estimatedVolume": {
      "type": "string",
      "minLength": 3,
      "description": "Please enter your Estimated Volume"
    },
    "numberOfBatches": {
      "type": "number",
      "minimum": 3,
      "description": "Please enter your No. Of Batches"
    },
    "formLetterCode": {
      "type": "number",
      "minimum": 3,
      "description": "Please enter your Form Letter Code"
    },
    "batchSourceCode": {
      "type": "string",
      "enum": ["Option A", "Option B", "Option C"]
    },
    "batchSoureCodeInd": {
      "type": "string",
      "enum": ["Option A", "Option B", "Option C"]
    },
    "altCycleStart": {
      "type": "number",
      "minimum": 3,
      "description": "Please enter your Alt Cycle Start"
    },
    "releaseCycle": {
      "type": "number",
      "minimum": 3,
      "description": "Please enter your Release Cycle"
    },
    "rrps-lockboxBatch": {
      "type": "string",
      "enum": ["Option A", "Option B", "Option C"],
      "description": "Please enter your RRPS/LockboxBatch"
    },
    "dipType": {
      "type": "string",
      "minLength": 3,
      "description": "Please enter your DIP Type"
    },
    "dipCode": {
      "type": "number",
      "minimum": 3,
      "description": "Please enter your DIP Code"
    },
    "daysInCycle": {
      "type": "number",
      "minimum": 3,
      "description": "Please enter your Days In Cycle"
    },
    "scripsBlockCount": {
      "type": "number",
      "description": "Please enter your SCRIPS Block Count"
    },
    "acctType": {
      "type": "string"
    },
    "parentDropdown": {
      "type": "string",
      "enum": ["Option A", "Option B", "Option C"]
    },
    "childDropdown": {
      "type": "string",
      "enum": [""]
    }
  },
  "required": [
    "batchType",
    "programCode",
    "batchID"
  ]
}
