{
  "type": "HorizontalLayout",
  "elements": [
    {
      "type": "Control",
      "scope": "#/properties/batchType"
    },
    {
      "type": "Control",
      "scope": "#/properties/programCode"
    },
    {
      "type": "Control",
      "scope": "#/properties/batchID"
    },
    {
      "type": "Control",
      "scope": "#/properties/batchNumber"
    },
    {
      "type": "Control",
      "label": "DLN Reference Number",
      "scope": "#/properties/dlnReferenceNumber"
    },
    {
      "type": "Control",
      "scope": "#/properties/receivedDate"
    },
    {
      "type": "Control",
      "scope": "#/properties/releaseDate"
    },
    {
      "type": "Control",
      "scope": "#/properties/route"
    },
    {
      "type": "Control",
      "scope": "#/properties/estimatedVolume"
    },
    {
      "type": "Control",
      "label": "No. Of Batches",
      "scope": "#/properties/numberOfBatches"
    },
    {
      "type": "Control",
      "scope": "#/properties/formLetterCode"
    },
    {
      "type": "Control",
      "scope": "#/properties/batchSourceCode"
    },
    {
      "type": "Control",
      "scope": "#/properties/batchSoureCodeInd"
    },
    {
      "type": "Control",
      "scope": "#/properties/altCycleStart"
    },
    {
      "type": "Control",
      "scope": "#/properties/releaseCycle"
    },
    {
      "type": "Control",
      "label": "RRPS/Lockbox Batch",
      "scope": "#/properties/rrps-lockboxBatch"
    },
    {
      "type": "Control",
      "scope": "#/properties/dipType"
    },
    {
      "type": "Control",
      "scope": "#/properties/dipCode"
    },
    {
      "type": "Control",
      "scope": "#/properties/daysInCycle"
    },
    {
      "type": "Control",
      "label": "SCRIPS Block Count",
      "scope": "#/properties/scripsBlockCount",
      "rule": {
        "effect": "DISABLE",
        "condition": {}
      }
    },
    {
      "type": "Control",
      "scope": "#/properties/acctType",
      "description": "Please enter your Acct Type",
      "rule": {
        "effect": "DISABLE",
        "condition": {}
      }
    },
    {
      "type": "Control",
      "label": "First Dropdown",
      "scope": "#/properties/parentDropdown"
    }
  ]
}
