{
  "type": "object",
  "properties": {
    "programCode": {
      "type": "string",
      "enum": ["Option A", "Option B", "Option C"]
    },
    "batchNumber": {
      "type": "number",
      "minimum": 3,
      "description": "Please enter your Batch Number"
    },
    "nowIn": {
      "type": "number",
      "minimum": 3,
      "description": "Please enter your answer"
    },
    "origVol": {
      "type": "number",
      "minimum": 3,
      "description": "Please enter your answer"
    },
    "newVol": {
      "type": "number",
      "minimum": 3,
      "description": "Please enter your answer"
    },
    "partialRelease": {
      "type": "number",
      "minimum": 3,
      "description": "Please enter your answer"
    },
    "refNum": {
      "type": "number",
      "minimum": 3,
      "description": "Please enter your answer"
    },
    "oldAbc": {
      "type": "string",
      "description": "Please enter your answer"
    },
    "abc": {
      "type": "number",
      "minimum": 3,
      "description": "Please enter your answer"
    },
    "flc": {
      "type": "number",
      "minimum": 3,
      "description": "Please enter your FLC"
    },
    "taxClass": {
      "type": "number",
      "minimum": 3,
      "description": "Please enter your Tax Class"
    },
    "docCd": {
      "type": "number",
      "minimum": 3,
      "description": "Please enter your Doc CD"
    },
    "julianDate": {
      "type": "string",
      "format": "date",
      "description": "Please enter your Julian Date"
    },
    "blockSeries": {
      "type": "number",
      "minimum": 3,
      "description": "Please enter your Block Series"
    },
    "seriesNumber": {
      "type": "number",
      "minimum": 3,
      "description": "Please enter your Series Number"
    },
    "taxYr": {
      "type": "number",
      "minimum": 3,
      "description": "Please enter your Tax YR"
    },
    "taxPeriod": {
      "type": "number",
      "minimum": 3,
      "description": "Please enter yourTax Period"
    },
    "transCode": {
      "type": "number",
      "minimum": 3,
      "description": "Please enter your Trans Code"
    },
    "oldVolume": {
      "type": "string",
      "minLength": 3,
      "description": "Please enter your Old Volume"
    },
    "actualVolume": {
      "type": "string",
      "minLength": 3,
      "description": "Please enter your Actual Volume"
    }
  },
  "required": [
    "programCode",
    "batchNumber",
    "nowIn",
    "origVol",
    "newVol",
    "partialRelease",
    "refNum",
    "oldAbc",
    "abc",
    "flc",
    "taxClass",
    "docCd",
    "julianDate",
    "blockSeries",
    "seriesNumber",
    "taxYr",
    "taxPeriod",
    "transCode",
    "oldVolume",
    "actualVolume"
  ]
}
