{
  "type": "HorizontalLayout",
  "label": "Forms",
  "elements": [
    {
      "type": "Control",
      "scope": "#/properties/programCode"
    },
    {
      "type": "Control",
      "scope": "#/properties/batchNumber"
    },
    {
      "type": "Control",
      "scope": "#/properties/nowIn"
    },
    {
      "type": "Control",
      "scope": "#/properties/origVol"
    },
    {
      "type": "Control",
      "label": "DLN Reference Number",
      "scope": "#/properties/newVol"
    },
    {
      "type": "Control",
      "scope": "#/properties/partialRelease"
    },
    {
      "type": "Control",
      "scope": "#/properties/refNum",
      "rule": {
        "effect": "DISABLE",
        "condition": {}
      }
    },
    {
      "type": "Control",
      "label": "Old ABC",
      "scope": "#/properties/oldAbc",
      "rule": {
        "effect": "DISABLE",
        "condition": {}
      }
    },
    {
      "type": "Control",
      "label": "ABC",
      "scope": "#/properties/abc"
    },
    {
      "type": "Control",
      "label": "FLC",
      "scope": "#/properties/flc"
    },
    {
      "type": "Control",
      "scope": "#/properties/taxClass"
    },
    {
      "type": "Control",
      "label": "Doc CD",
      "scope": "#/properties/docCd"
    },
    {
      "type": "Control",
      "scope": "#/properties/julianDate"
    },
    {
      "type": "Control",
      "scope": "#/properties/blockSeries"
    },
    {
      "type": "Control",
      "label": "RRPS/Lockbox Batch",
      "scope": "#/properties/seriesNumber"
    },
    {
      "type": "Control",
      "label": "Tax YR",
      "scope": "#/properties/taxYr"
    },
    {
      "type": "Control",
      "scope": "#/properties/taxPeriod"
    },
    {
      "type": "Control",
      "scope": "#/properties/transCode"
    },
    {
      "type": "Control",
      "label": "SCRIPS Block Count",
      "scope": "#/properties/oldVolume"
    },
    {
      "type": "Control",
      "scope": "#/properties/actualVolume"
    }
  ]
}
