{
  "type": "object",

  "properties": {
    "batchType": {
      "type": "string",
      "enum": ["Option A", "Option B", "Option C"],
      "description": "Please select your Batch Type"
    },
    "startDate": {
      "type": "number",
      "description": "Please enter your Program Code"
    },
    "programCode": {
      "type": "number",
      "description": "Please enter your Program Code"
    },
    "batchNumber": {
      "type": "number",
      "minimum": 3,
      "description": "Please enter your Batch Number"
    },
    "estimatedVolume": {
      "type": "string"
    },
    "documentsPerBlock": {
      "type": "number",
      "description": "Please enter your Documents Per Block."
    },
    "dlnReferenceNumber": {
      "type": "number"
    },
    "taxClassCode": {
      "type": "number"
    },
    "documentCode": {
      "type": "number"
    },
    "begin": {
      "type": "string"
    },
    "end": {
      "type": "string"
    },
    "description": {
      "type": "string"
    },
    "dipType": {
      "type": "string"
    },
    "fileLocationCode": {
      "type": "number",
      "minimum": 3,
      "description": "Please enter your File Location Code"
    },
    "formLetterCode": {
      "type": "number",
      "minimum": 3,
      "description": "Please enter your Form Letter Code"
    },
    "dlnDateJulian": {
      "type": "number",
      "minimum": 3,
      "description": "Please enter your DLN Date Julian"
    },
    "dlnDate": {
      "type": "string",
      "format": "date",
      "description": "Please enter your DLN Date"
    },
    "numberOfDlnsNeeded": {
      "type": "number",
      "description": "Please enter the Number Of DLNs Needed"
    }
  },
  "required": [
    "batchType",
    "programCode",
    "batchNumber",
    "estimatedVolume",
    "documentsPerBlock",
    "dlnReferenceNumber",
    "taxClassCode",
    "documentCode",
    "begin",
    "end",
    "description",
    "dipType",
    "fileLocationCode",
    "formLetterCode",
    "dlnDateJulian",
    "dlnDate",
    "numberOfDlnsNeeded"
  ]
}
