{
  "type": "HorizontalLayout",
  "elements": [
    {
      "type": "Control",
      "scope": "#/properties/batchType"
    },
    {
      "type": "Control",
      "scope": "#/properties/programCode"
    },
    {
      "type": "Control",
      "scope": "#/properties/batchNumber"
    },
    {
      "type": "Control",
      "scope": "#/properties/estimatedVolume",
      "rule": {
        "effect": "DISABLE",
        "condition": {}
      }
    },
    {
      "type": "Control",
      "scope": "#/properties/documentsPerBlock"
    },
    {
      "type": "Control",
      "label": "DLN Reference #",
      "scope": "#/properties/dlnReferenceNumber",
      "rule": {
        "effect": "DISABLE",
        "condition": {}
      }
    },
    {
      "type": "Control",
      "scope": "#/properties/taxClassCode",
      "rule": {
        "effect": "DISABLE",
        "condition": {}
      }
    },
    {
      "type": "Control",
      "scope": "#/properties/documentCode",
      "rule": {
        "effect": "DISABLE",
        "condition": {}
      }
    },
    {
      "type": "Control",
      "scope": "#/properties/begin",
      "rule": {
        "effect": "DISABLE",
        "condition": {}
      }
    },
    {
      "type": "Control",
      "scope": "#/properties/end",
      "rule": {
        "effect": "DISABLE",
        "condition": {}
      }
    },
    {
      "type": "Control",
      "scope": "#/properties/description",
      "rule": {
        "effect": "DISABLE",
        "condition": {}
      }
    },
    {
      "type": "Control",
      "label": "DIP Type",
      "scope": "#/properties/dipType",
      "rule": {
        "effect": "DISABLE",
        "condition": {}
      }
    },
    {
      "type": "Control",
      "scope": "#/properties/fileLocationCode"
    },
    {
      "type": "Control",
      "scope": "#/properties/formLetterCode"
    },
    {
      "type": "Control",
      "scope": "#/properties/dlnDateJulian"
    },
    {
      "type": "Control",
      "scope": "#/properties/dlnDate"
    },
    {
      "type": "Control",
      "scope": "#/properties/numberOfDlnsNeeded"
    }
  ]
}
